LocationID,City Name,Territory,PostalCode,OpenDate,SellingAreaSize,DistrictName,Name,StoreNumberName,StoreNumber,City,Chain,DM,DM_Pic,DistrictID,Open Month No,Open Month,Open Year,Store Type
2,Weirton,WV,26032,2010/5/1 0:00,40000,FD - District #4,Weirton Fashions Direct,2 - Weirton Fashions Direct,2,"Weirton, WV",Fashions Direct,Andrew Ma,https://obvience-public.sharepoint.com/SiteAssets/images/demo/people/Andrew Ma.jpg,4,5,May,2010,Same Store
3,Beckley,WV,25801,2008/2/1 0:00,40000,FD - District #2,Beckley Fashions Direct,3 - Beckley Fashions Direct,3,"Beckley, WV",Fashions Direct,Tina Lassila,https://obvience-public.sharepoint.com/SiteAssets/images/demo/people/Tina Lassila.jpg,2,2,Feb,2008,Same Store
4,Fairmont,WV,26554,2006/10/1 0:00,15000,FD - District #1,Fairmont Fashions Direct,4 - Fairmont Fashions Direct,4,"Fairmont, WV",Fashions Direct,Valery Ushakov,https://obvience-public.sharepoint.com/SiteAssets/images/demo/people/Valery Ushakov.jpg,1,10,Oct,2006,Same Store
5,Uniontown,PA,15401,2008/10/1 0:00,55000,FD - District #4,Uniontown Fashions Direct,5 - Uniontown Fashions Direct,5,"Uniontown, PA",Fashions Direct,Andrew Ma,https://obvience-public.sharepoint.com/SiteAssets/images/demo/people/Andrew Ma.jpg,4,10,Oct,2008,Same Store
6,Parkersburg,WV,26101,2007/8/1 0:00,60000,FD - District #2,Parkersburg Fashions Direct,6 - Parkersburg Fashions Direct,6,"Parkersburg, WV",Fashions Direct,Tina Lassila,https://obvience-public.sharepoint.com/SiteAssets/images/demo/people/Tina Lassila.jpg,2,8,Aug,2007,Same Store
7,Belle Vernon,PA,15012,2007/10/1 0:00,45000,FD - District #4,Belle Vernon Fashions Direct,7 - Belle Vernon Fashions Direct,7,"Belle Vernon, PA",Fashions Direct,Andrew Ma,https://obvience-public.sharepoint.com/SiteAssets/images/demo/people/Andrew Ma.jpg,4,10,Oct,2007,Same Store
8,Lavale,MD,21502,2008/10/1 0:00,40000,FD - District #1,Cumberland Fashions Direct,8 - Cumberland Fashions Direct,8,"Lavale, MD",Fashions Direct,Valery Ushakov,https://obvience-public.sharepoint.com/SiteAssets/images/demo/people/Valery Ushakov.jpg,1,10,Oct,2008,Same Store
9,Clarksburg,WV,26330,2009/8/1 0:00,40000,FD - District #1,Clarksburg Fashions Direct,9 - Clarksburg Fashions Direct,9,"Clarksburg, WV",Fashions Direct,Valery Ushakov,https://obvience-public.sharepoint.com/SiteAssets/images/demo/people/Valery Ushakov.jpg,1,8,Aug,2009,Same Store
10,St. Clairsville,OH,43950,2010/4/1 0:00,50000,FD - District #4,St. Clairsville Fashions Direct,10 - St. Clairsville Fashions Direct,10,"St. Clairsville, OH",Fashions Direct,Andrew Ma,https://obvience-public.sharepoint.com/SiteAssets/images/demo/people/Andrew Ma.jpg,4,4,Apr,2010,Same Store
11,West Mifflen,PA,15122,2011/4/1 0:00,55000,FD - District #4,Century III Fashions Direct,11 - Century III Fashions Direct,11,"West Mifflen, PA",Fashions Direct,Andrew Ma,https://obvience-public.sharepoint.com/SiteAssets/images/demo/people/Andrew Ma.jpg,4,4,Apr,2011,Same Store
12,Kent,OH,44240,2012/7/1 0:00,50000,FD - District #3,Kent Fashions Direct,12 - Kent Fashions Direct,12,"Kent, OH",Fashions Direct,Carlos Grilo,https://obvience-public.sharepoint.com/SiteAssets/images/demo/people/Carlos Grilo.jpg,3,7,Jul,2012,Same Store
13,Charleston,WV,25387,2013/1/1 0:00,55000,FD - District #2,Charleston Fashions Direct,13 - Charleston Fashions Direct,13,"Charleston, WV",Fashions Direct,Tina Lassila,https://obvience-public.sharepoint.com/SiteAssets/images/demo/people/Tina Lassila.jpg,2,1,Jan,2013,Same Store
14,Harrisburg,PA,17109,2013/1/1 0:00,65000,FD - District #1,Harrisburg Fashions Direct,14 - Harrisburg Fashions Direct,14,"Harrisburg, PA",Fashions Direct,Valery Ushakov,https://obvience-public.sharepoint.com/SiteAssets/images/demo/people/Valery Ushakov.jpg,1,1,Jan,2013,Same Store
15,York,PA,17402,2014/4/1 0:00,50000,FD - District #1,York Fashions Direct,15 - York Fashions Direct,15,"York, PA",Fashions Direct,Valery Ushakov,https://obvience-public.sharepoint.com/SiteAssets/images/demo/people/Valery Ushakov.jpg,1,4,Apr,2014,New Store
16,Winchester,VA,22602,2014/2/1 0:00,40000,FD - District #1,Winchester Fashions Direct,16 - Winchester Fashions Direct,16,"Winchester, VA",Fashions Direct,Valery Ushakov,https://obvience-public.sharepoint.com/SiteAssets/images/demo/people/Valery Ushakov.jpg,1,2,Feb,2014,New Store
18,Washington,PA,15301,2014/2/1 0:00,55000,FD - District #4,Washington Fashions Direct,18 - Washington Fashions Direct,18,"Washington, PA",Fashions Direct,Andrew Ma,https://obvience-public.sharepoint.com/SiteAssets/images/demo/people/Andrew Ma.jpg,4,2,Feb,2014,New Store
19,Abingdon,MD,21009,2005/4/1 0:00,50000,FD - District #1,Bel Air Fashions Direct,19 - Bel Air Fashions Direct,19,"Abingdon, MD",Fashions Direct,Valery Ushakov,https://obvience-public.sharepoint.com/SiteAssets/images/demo/people/Valery Ushakov.jpg,1,4,Apr,2005,Same Store
20,Greensburg,PA,15601,2006/9/1 0:00,55000,FD - District #4,Greensburg Fashions Direct,20 - Greensburg Fashions Direct,20,"Greensburg, PA",Fashions Direct,Andrew Ma,https://obvience-public.sharepoint.com/SiteAssets/images/demo/people/Andrew Ma.jpg,4,9,Sep,2006,Same Store
21,Zanesville,OH,43701,2006/11/1 0:00,50000,FD - District #4,Zanesville Fashions Direct,21 - Zanesville Fashions Direct,21,"Zanesville, OH",Fashions Direct,Andrew Ma,https://obvience-public.sharepoint.com/SiteAssets/images/demo/people/Andrew Ma.jpg,4,11,Nov,2006,Same Store
22,Wickliffe,OH,44092,2008/10/1 0:00,55000,FD - District #3,Wickliffe Fashions Direct,22 - Wickliffe Fashions Direct,22,"Wickliffe, OH",Fashions Direct,Carlos Grilo,https://obvience-public.sharepoint.com/SiteAssets/images/demo/people/Carlos Grilo.jpg,3,10,Oct,2008,Same Store
23,Erie,PA,16505,2009/4/1 0:00,40000,FD - District #3,Erie Fashions Direct,23 - Erie Fashions Direct,23,"Erie, PA",Fashions Direct,Carlos Grilo,https://obvience-public.sharepoint.com/SiteAssets/images/demo/people/Carlos Grilo.jpg,3,4,Apr,2009,Same Store
24,North Canton,OH,44720,2009/8/1 0:00,55000,FD - District #3,North Canton Fashions Direct,24 - North Canton Fashions Direct,24,"North Canton, OH",Fashions Direct,Carlos Grilo,https://obvience-public.sharepoint.com/SiteAssets/images/demo/people/Carlos Grilo.jpg,3,8,Aug,2009,Same Store
25,Mansfield,OH,44906,2010/2/1 0:00,50000,FD - District #3,Mansfield Fashions Direct,25 - Mansfield Fashions Direct,25,"Mansfield, OH",Fashions Direct,Carlos Grilo,https://obvience-public.sharepoint.com/SiteAssets/images/demo/people/Carlos Grilo.jpg,3,2,Feb,2010,Same Store
26,Akron,OH,44313,2010/2/1 0:00,55000,FD - District #3,Akron Fashions Direct,26 - Akron Fashions Direct,26,"Akron, OH",Fashions Direct,Carlos Grilo,https://obvience-public.sharepoint.com/SiteAssets/images/demo/people/Carlos Grilo.jpg,3,2,Feb,2010,Same Store
27,Boardman,OH,44512,2010/5/1 0:00,50000,FD - District #3,Boardman Fashions Direct,27 - Boardman Fashions Direct,27,"Boardman, OH",Fashions Direct,Carlos Grilo,https://obvience-public.sharepoint.com/SiteAssets/images/demo/people/Carlos Grilo.jpg,3,5,May,2010,Same Store
28,Huntington,WV,25705,2010/8/1 0:00,55000,FD - District #2,Huntington Fashions Direct,28 - Huntington Fashions Direct,28,"Huntington, WV",Fashions Direct,Tina Lassila,https://obvience-public.sharepoint.com/SiteAssets/images/demo/people/Tina Lassila.jpg,2,8,Aug,2010,Same Store
31,Mentor,OH,44060,2013/1/1 0:00,45000,FD - District #3,Mentor Fashions Direct,31 - Mentor Fashions Direct,31,"Mentor, OH",Fashions Direct,Carlos Grilo,https://obvience-public.sharepoint.com/SiteAssets/images/demo/people/Carlos Grilo.jpg,3,1,Jan,2013,Same Store
32,Middleburg Heights,OH,44130,2013/1/1 0:00,50000,FD - District #3,Middleburg Heights ?Fashions Direct,32 - Middleburg Heights ?Fashions Direct,32,"Middleburg Heights, OH",Fashions Direct,Carlos Grilo,https://obvience-public.sharepoint.com/SiteAssets/images/demo/people/Carlos Grilo.jpg,3,1,Jan,2013,Same Store
33,Altoona,PA,16602,2013/1/1 0:00,40000,FD - District #1,Altoona Fashions Direct,33 - Altoona Fashions Direct,33,"Altoona, PA",Fashions Direct,Valery Ushakov,https://obvience-public.sharepoint.com/SiteAssets/images/demo/people/Valery Ushakov.jpg,1,1,Jan,2013,Same Store
34,Monroeville,PA,15146,2014/1/1 0:00,40000,FD - District #4,Monroeville Fashions Direct,34 - Monroeville Fashions Direct,34,"Monroeville, PA",Fashions Direct,Andrew Ma,https://obvience-public.sharepoint.com/SiteAssets/images/demo/people/Andrew Ma.jpg,4,1,Jan,2014,New Store
35,Sharonville,OH,45241,2014/3/1 0:00,45000,FD - District #2,Sharonville Fashions Direct,35 - Sharonville Fashions Direct,35,"Sharonville, OH",Fashions Direct,Tina Lassila,https://obvience-public.sharepoint.com/SiteAssets/images/demo/people/Tina Lassila.jpg,2,3,Mar,2014,New Store
36,Cincinnati,OH,45255,2014/6/1 0:00,45000,FD - District #2,Cincinnati 2 Fashions Direct,36 - Beechmont Fashions Direct,36,"Cincinnati, OH",Fashions Direct,Tina Lassila,https://obvience-public.sharepoint.com/SiteAssets/images/demo/people/Tina Lassila.jpg,2,6,Jun,2014,New Store
37,Pittsburgh,PA,15237,2006/1/1 0:00,60000,FD - District #4,North Hills Fashions Direct,37 - North Hills Fashions Direct,37,"Pittsburgh, PA",Fashions Direct,Andrew Ma,https://obvience-public.sharepoint.com/SiteAssets/images/demo/people/Andrew Ma.jpg,4,1,Jan,2006,Same Store
38,Lexington,KY,40509,2006/9/1 0:00,40000,FD - District #2,Lexington Fashions Direct,38 - Lexington Fashions Direct,38,"Lexington, KY",Fashions Direct,Tina Lassila,https://obvience-public.sharepoint.com/SiteAssets/images/demo/people/Tina Lassila.jpg,2,9,Sep,2006,Same Store
39,Morgantown,WV,26501,2006/11/1 0:00,55000,FD - District #1,Morgantown Fashions Direct,39 - Morgantown Fashions Direct,39,"Morgantown, WV",Fashions Direct,Valery Ushakov,https://obvience-public.sharepoint.com/SiteAssets/images/demo/people/Valery Ushakov.jpg,1,11,Nov,2006,Same Store
40,Beavercreek,OH,45431,2007/5/1 0:00,45000,FD - District #2,Beavercreek Fashions Direct,40 - Beavercreek Fashions Direct,40,"Beavercreek, OH",Fashions Direct,Tina Lassila,https://obvience-public.sharepoint.com/SiteAssets/images/demo/people/Tina Lassila.jpg,2,5,May,2007,Same Store
41,Cincinnati,OH,45248,2011/1/1 0:00,45000,FD - District #2,Cincinnati Fashions Direct,41 - Cincinnati Fashions Direct,41,"Cincinnati, OH",Fashions Direct,Tina Lassila,https://obvience-public.sharepoint.com/SiteAssets/images/demo/people/Tina Lassila.jpg,2,1,Jan,2011,Same Store
501,Frederick,MD,21701,2006/9/1 0:00,10000,LI - District #1,Frederick Lindseys,501 - Frederick Lindseys,501,"Frederick, MD",Lindseys,Allan Guinot,https://obvience-public.sharepoint.com/SiteAssets/images/demo/people/Allan Guinot.jpg,6,9,Sep,2006,Same Store
503,Fredericksburg,VA,22401,2007/11/1 0:00,10000,LI - District #2,Fredericksburg Lindseys,503 - Fredericksburg Lindseys,503,"Fredericksburg, VA",Lindseys,Chris McGurk,https://obvience-public.sharepoint.com/SiteAssets/images/demo/people/Chris McGurk.jpg,7,11,Nov,2007,Same Store
504,Gaithersburg,MD,20877,2008/1/1 0:00,10000,LI - District #1,Gaithersburg Lindseys,504 - Gaithersburg Lindseys,504,"Gaithersburg, MD",Lindseys,Allan Guinot,https://obvience-public.sharepoint.com/SiteAssets/images/demo/people/Allan Guinot.jpg,6,1,Jan,2008,Same Store
505,Laurel,MD,20707,2008/3/1 0:00,10000,LI - District #1,Laurel Lindseys,505 - Laurel Lindseys,505,"Laurel, MD",Lindseys,Allan Guinot,https://obvience-public.sharepoint.com/SiteAssets/images/demo/people/Allan Guinot.jpg,6,3,Mar,2008,Same Store
506,Manassas,VA,20109,2009/8/1 0:00,10000,LI - District #2,Manassas Lindseys,506 - Manassas Lindseys,506,"Manassas, VA",Lindseys,Chris McGurk,https://obvience-public.sharepoint.com/SiteAssets/images/demo/people/Chris McGurk.jpg,7,8,Aug,2009,Same Store
507,College Park,MD,20740,2008/12/1 0:00,10000,LI - District #1,College Park Lindseys,507 - College Park Lindseys,507,"College Park, MD",Lindseys,Allan Guinot,https://obvience-public.sharepoint.com/SiteAssets/images/demo/people/Allan Guinot.jpg,6,12,Dec,2008,Same Store
508,Pasadena,MD,21122,2008/11/1 0:00,10000,LI - District #1,Pasadena Lindseys,508 - Pasadena Lindseys,508,"Pasadena, MD",Lindseys,Allan Guinot,https://obvience-public.sharepoint.com/SiteAssets/images/demo/people/Allan Guinot.jpg,6,11,Nov,2008,Same Store
509,Annapolis,MD,21401,2009/4/1 0:00,10000,LI - District #1,Annapolis Lindseys,509 - Annapolis Lindseys,509,"Annapolis, MD",Lindseys,Allan Guinot,https://obvience-public.sharepoint.com/SiteAssets/images/demo/people/Allan Guinot.jpg,6,4,Apr,2009,Same Store
510,North Baltimore,MD,21234,2008/4/1 0:00,10000,LI - District #1,North Baltimore Lindseys,510 - North Baltimore Lindseys,510,"North Baltimore, MD",Lindseys,Allan Guinot,https://obvience-public.sharepoint.com/SiteAssets/images/demo/people/Allan Guinot.jpg,6,4,Apr,2008,Same Store
511,Bowie,MD,20715,2009/5/1 0:00,10000,LI - District #1,Bowie Lindseys,511 - Bowie Lindseys,511,"Bowie, MD",Lindseys,Allan Guinot,https://obvience-public.sharepoint.com/SiteAssets/images/demo/people/Allan Guinot.jpg,6,5,May,2009,Same Store
512,Roanoke,VA,24012,2009/7/1 0:00,10000,LI - District #2,Roanoke Lindseys,512 - Roanoke Lindseys,512,"Roanoke, VA",Lindseys,Chris McGurk,https://obvience-public.sharepoint.com/SiteAssets/images/demo/people/Chris McGurk.jpg,7,7,Jul,2009,Same Store
513,Waldorf,MD,20603,2009/9/1 0:00,10000,LI - District #2,Waldorf Lindseys,513 - Waldorf Lindseys,513,"Waldorf, MD",Lindseys,Chris McGurk,https://obvience-public.sharepoint.com/SiteAssets/images/demo/people/Chris McGurk.jpg,7,9,Sep,2009,Same Store
514,Glen Allen,VA,23060,2009/3/1 0:00,10000,LI - District #2,Richmond Lindseys,514 - Richmond Lindseys,514,"Glen Allen, VA",Lindseys,Chris McGurk,https://obvience-public.sharepoint.com/SiteAssets/images/demo/people/Chris McGurk.jpg,7,3,Mar,2009,Same Store
515,Richmond,VA,23235,2009/1/1 0:00,10000,LI - District #2,Chesterfield Lindseys,515 - Chesterfield Lindseys,515,"Richmond, VA",Lindseys,Chris McGurk,https://obvience-public.sharepoint.com/SiteAssets/images/demo/people/Chris McGurk.jpg,7,1,Jan,2009,Same Store
517,Lynchburg,VA,24502,2010/7/1 0:00,15000,LI - District #2,Lynchburg Lindseys,517 - Lynchburg Lindseys,517,"Lynchburg, VA",Lindseys,Chris McGurk,https://obvience-public.sharepoint.com/SiteAssets/images/demo/people/Chris McGurk.jpg,7,7,Jul,2010,Same Store
518,Alexandria,VA,22310,2010/8/1 0:00,10000,LI - District #2,Alexandria Lindseys,518 - Alexandria Lindseys,518,"Alexandria, VA",Lindseys,Chris McGurk,https://obvience-public.sharepoint.com/SiteAssets/images/demo/people/Chris McGurk.jpg,7,8,Aug,2010,Same Store
519,Colonial Heights,VA,23834,2010/9/1 0:00,15000,LI - District #2,Colonial Heights Lindseys,519 - Colonial Heights Lindseys,519,"Colonial Heights, VA",Lindseys,Chris McGurk,https://obvience-public.sharepoint.com/SiteAssets/images/demo/people/Chris McGurk.jpg,7,9,Sep,2010,Same Store
520,Greensboro,NC,27407,2010/10/1 0:00,15000,LI - District #4,Greensboro Lindseys,520 - Greensboro Lindseys,520,"Greensboro, NC",Lindseys,Brad Sutton,https://obvience-public.sharepoint.com/SiteAssets/images/demo/people/Brad Sutton.jpg,10,10,Oct,2010,Same Store
522,Cary,NC,27518,2010/8/1 0:00,10000,LI - District #3,Cary Lindseys,522 - Cary Lindseys,522,"Cary, NC",Lindseys,Chris Gray,https://obvience-public.sharepoint.com/SiteAssets/images/demo/people/Chris Gray.jpg,9,8,Aug,2010,Same Store
523,Harrisonburg,VA,22802,2010/12/1 0:00,10000,LI - District #2,Harrisonburg Lindseys,523 - Harrisonburg Lindseys,523,"Harrisonburg, VA",Lindseys,Chris McGurk,https://obvience-public.sharepoint.com/SiteAssets/images/demo/people/Chris McGurk.jpg,7,12,Dec,2010,Same Store
524,Christiansburg,VA,24073,2010/10/1 0:00,10000,LI - District #2,Christiansburg Lindseys,524 - Christiansburg Lindseys,524,"Christiansburg, VA",Lindseys,Chris McGurk,https://obvience-public.sharepoint.com/SiteAssets/images/demo/people/Chris McGurk.jpg,7,10,Oct,2010,Same Store
525,Raleigh,NC,27604,2010/11/1 0:00,10000,LI - District #3,Raleigh Lindseys,525 - Raleigh Lindseys,525,"Raleigh, NC",Lindseys,Chris Gray,https://obvience-public.sharepoint.com/SiteAssets/images/demo/people/Chris Gray.jpg,9,11,Nov,2010,Same Store
526,Newark,DE,19702,2011/2/1 0:00,10000,LI - District #1,Glasgow Lindseys,526 - Glasgow Lindseys,526,"Newark, DE",Lindseys,Allan Guinot,https://obvience-public.sharepoint.com/SiteAssets/images/demo/people/Allan Guinot.jpg,6,2,Feb,2011,Same Store
528,Durham,NC,27707,2011/4/1 0:00,15000,LI - District #3,Durham ?Lindseys,528 - Durham ?Lindseys,528,"Durham, NC",Lindseys,Chris Gray,https://obvience-public.sharepoint.com/SiteAssets/images/demo/people/Chris Gray.jpg,9,4,Apr,2011,Same Store
530,Asheville,NC,28803,2011/9/1 0:00,10000,LI - District #4,Asheville Lindseys,530 - Asheville Lindseys,530,"Asheville, NC",Lindseys,Brad Sutton,https://obvience-public.sharepoint.com/SiteAssets/images/demo/people/Brad Sutton.jpg,10,9,Sep,2011,Same Store
531,Winston-Salem,NC,27106,2011/11/1 0:00,10000,LI - District #4,Winston-Salem Lindseys,531 - Winston-Salem Lindseys,531,"Winston-Salem, NC",Lindseys,Brad Sutton,https://obvience-public.sharepoint.com/SiteAssets/images/demo/people/Brad Sutton.jpg,10,11,Nov,2011,Same Store
533,Charlotte,NC,28226,2012/3/1 0:00,10000,LI - District #4,Pineville Lindseys,533 - Pineville Lindseys,533,"Charlotte, NC",Lindseys,Brad Sutton,https://obvience-public.sharepoint.com/SiteAssets/images/demo/people/Brad Sutton.jpg,10,3,Mar,2012,Same Store
534,Mooresville,NC,28117,2012/9/1 0:00,10000,LI - District #4,Mooresville Lindseys,534 - Mooresville Lindseys,534,"Mooresville, NC",Lindseys,Brad Sutton,https://obvience-public.sharepoint.com/SiteAssets/images/demo/people/Brad Sutton.jpg,10,9,Sep,2012,Same Store
535,Clemmons,NC,27012,2012/4/1 0:00,10000,LI - District #4,Clemmons Lindseys,535 - Clemmons Lindseys,535,"Clemmons, NC",Lindseys,Brad Sutton,https://obvience-public.sharepoint.com/SiteAssets/images/demo/people/Brad Sutton.jpg,10,4,Apr,2012,Same Store
536,Statesville,NC,28625,2012/6/1 0:00,10000,LI - District #4,Statesville Lindseys,536 - Statesville Lindseys,536,"Statesville, NC",Lindseys,Brad Sutton,https://obvience-public.sharepoint.com/SiteAssets/images/demo/people/Brad Sutton.jpg,10,6,Jun,2012,Same Store
537,Fayetteville,NC,28303,2012/9/1 0:00,10000,LI - District #3,Fayetteville Lindseys,537 - Fayetteville Lindseys,537,"Fayetteville, NC",Lindseys,Chris Gray,https://obvience-public.sharepoint.com/SiteAssets/images/demo/people/Chris Gray.jpg,9,9,Sep,2012,Same Store
538,Hickory,NC,28602,2012/6/1 0:00,15000,LI - District #4,Hickory Lindseys,538 - Hickory Lindseys,538,"Hickory, NC",Lindseys,Brad Sutton,https://obvience-public.sharepoint.com/SiteAssets/images/demo/people/Brad Sutton.jpg,10,6,Jun,2012,Same Store
540,Wilmington,NC,28403,2012/7/1 0:00,10000,LI - District #3,Wilmington Lindseys,540 - Wilmington Lindseys,540,"Wilmington, NC",Lindseys,Chris Gray,https://obvience-public.sharepoint.com/SiteAssets/images/demo/people/Chris Gray.jpg,9,7,Jul,2012,Same Store
541,Florence,SC,29501,2012/4/1 0:00,10000,LI - District #3,Florence Lindseys,541 - Florence Lindseys,541,"Florence, SC",Lindseys,Chris Gray,https://obvience-public.sharepoint.com/SiteAssets/images/demo/people/Chris Gray.jpg,9,4,Apr,2012,Same Store
542,Greenville,SC,29607,2012/3/1 0:00,10000,LI - District #4,Greenville Lindseys,542 - Greenville Lindseys,542,"Greenville, SC",Lindseys,Brad Sutton,https://obvience-public.sharepoint.com/SiteAssets/images/demo/people/Brad Sutton.jpg,10,3,Mar,2012,Same Store
543,Sumter,SC,29150,2012/5/1 0:00,10000,LI - District #3,Sumter Lindseys,543 - Sumter Lindseys,543,"Sumter, SC",Lindseys,Chris Gray,https://obvience-public.sharepoint.com/SiteAssets/images/demo/people/Chris Gray.jpg,9,5,May,2012,Same Store
544,North Charleston,SC,29406,2012/12/1 0:00,10000,LI - District #3,North Charleston Lindseys,544 - North Charleston Lindseys,544,"North Charleston, SC",Lindseys,Chris Gray,https://obvience-public.sharepoint.com/SiteAssets/images/demo/people/Chris Gray.jpg,9,12,Dec,2012,Same Store
545,Greenville,NC,27858,2012/7/1 0:00,10000,LI - District #3,Greenville Lindseys,545 - Greenville Lindseys,545,"Greenville, NC",Lindseys,Chris Gray,https://obvience-public.sharepoint.com/SiteAssets/images/demo/people/Chris Gray.jpg,9,7,Jul,2012,Same Store
546,Wilmington,DE,19808,2012/10/1 0:00,10000,LI - District #1,Wilmington Lindseys,546 - Wilmington Lindseys,546,"Wilmington, DE",Lindseys,Allan Guinot,https://obvience-public.sharepoint.com/SiteAssets/images/demo/people/Allan Guinot.jpg,6,10,Oct,2012,Same Store
547,Laurel,MD,20724,2013/3/1 0:00,15000,LI - District #1,Laurel Lindseys,547 - Laurel Lindseys,547,"Laurel, MD",Lindseys,Allan Guinot,https://obvience-public.sharepoint.com/SiteAssets/images/demo/people/Allan Guinot.jpg,6,3,Mar,2013,Same Store
548,Athens,GA,30606,2013/4/1 0:00,10000,LI - District #5,Athens Lindseys,548 - Athens Lindseys,548,"Athens, GA",Lindseys,Annelie Zubar,https://obvience-public.sharepoint.com/SiteAssets/images/demo/people/Annelie Zubar.jpg,11,4,Apr,2013,Same Store
549,Charlotte,NC,28227,2013/1/1 0:00,15000,LI - District #4,Charlotte Lindseys,549 - Charlotte Lindseys,549,"Charlotte, NC",Lindseys,Brad Sutton,https://obvience-public.sharepoint.com/SiteAssets/images/demo/people/Brad Sutton.jpg,10,1,Jan,2013,Same Store
550,Kannapolis,NC,28083,2013/2/1 0:00,15000,LI - District #4,Kannapolis Lindseys,550 - Kannapolis Lindseys,550,"Kannapolis, NC",Lindseys,Brad Sutton,https://obvience-public.sharepoint.com/SiteAssets/images/demo/people/Brad Sutton.jpg,10,2,Feb,2013,Same Store
551,Anderson,SC,29621,2013/2/1 0:00,20000,LI - District #4,Anderson Lindseys,551 - Anderson Lindseys,551,"Anderson, SC",Lindseys,Brad Sutton,https://obvience-public.sharepoint.com/SiteAssets/images/demo/people/Brad Sutton.jpg,10,2,Feb,2013,Same Store
554,Augusta,GA,30909,2013/9/1 0:00,10000,LI - District #5,Augusta Lindseys,554 - Augusta Lindseys,554,"Augusta, GA",Lindseys,Annelie Zubar,https://obvience-public.sharepoint.com/SiteAssets/images/demo/people/Annelie Zubar.jpg,11,9,Sep,2013,Same Store
555,Cartersville,GA,30120,2013/6/1 0:00,15000,LI - District #5,Cartersville Lindseys,555 - Cartersville Lindseys,555,"Cartersville, GA",Lindseys,Annelie Zubar,https://obvience-public.sharepoint.com/SiteAssets/images/demo/people/Annelie Zubar.jpg,11,6,Jun,2013,Same Store
556,Johnson City,TN,37604,2013/9/1 0:00,10000,LI - District #5,Johnson City Lindseys,556 - Johnson City Lindseys,556,"Johnson City, TN",Lindseys,Annelie Zubar,https://obvience-public.sharepoint.com/SiteAssets/images/demo/people/Annelie Zubar.jpg,11,9,Sep,2013,Same Store
557,Savannah,GA,31406,2013/8/1 0:00,10000,LI - District #3,Savannah Lindseys,557 - Savannah Lindseys,557,"Savannah, GA",Lindseys,Chris Gray,https://obvience-public.sharepoint.com/SiteAssets/images/demo/people/Chris Gray.jpg,9,8,Aug,2013,Same Store
558,Newnan,GA,30263,2013/6/1 0:00,10000,LI - District #5,Newnan Lindseys,558 - Newnan Lindseys,558,"Newnan, GA",Lindseys,Annelie Zubar,https://obvience-public.sharepoint.com/SiteAssets/images/demo/people/Annelie Zubar.jpg,11,6,Jun,2013,Same Store
560,Buford,GA,30519,2013/10/1 0:00,10000,LI - District #5,Buford Lindseys,560 - Buford Lindseys,560,"Buford, GA",Lindseys,Annelie Zubar,https://obvience-public.sharepoint.com/SiteAssets/images/demo/people/Annelie Zubar.jpg,11,10,Oct,2013,Same Store
563,Duluth,GA,30096,2013/10/1 0:00,15000,LI - District #5,Duluth Lindseys,563 - Duluth Lindseys,563,"Duluth, GA",Lindseys,Annelie Zubar,https://obvience-public.sharepoint.com/SiteAssets/images/demo/people/Annelie Zubar.jpg,11,10,Oct,2013,Same Store
565,Pasadena,MD,21122,2014/7/1 0:00,10000,LI - District #1,Pasadena Lindseys,565 - Pasadena Lindseys,565,"Pasadena, MD",Lindseys,Allan Guinot,https://obvience-public.sharepoint.com/SiteAssets/images/demo/people/Allan Guinot.jpg,6,7,Jul,2014,New Store
566,Ft. Oglethorpe,GA,30742,2014/5/1 0:00,15000,LI - District #5,Ft. Oglethorpe Lindseys,566 - Ft. Oglethorpe Lindseys,566,"Ft. Oglethorpe, GA",Lindseys,Annelie Zubar,https://obvience-public.sharepoint.com/SiteAssets/images/demo/people/Annelie Zubar.jpg,11,5,May,2014,New Store
568,Knoxville,TN,37919,2014/5/1 0:00,10000,LI - District #5,Knoxville Lindseys,568 - Knoxville Lindseys,568,"Knoxville, TN",Lindseys,Annelie Zubar,https://obvience-public.sharepoint.com/SiteAssets/images/demo/people/Annelie Zubar.jpg,11,5,May,2014,New Store
570,Wilson,NC,27893,2014/1/1 0:00,10000,LI - District #3,Wilson Lindseys,570 - Wilson Lindseys,570,"Wilson, NC",Lindseys,Chris Gray,https://obvience-public.sharepoint.com/SiteAssets/images/demo/people/Chris Gray.jpg,9,1,Jan,2014,New Store
571,Cookeville,TN,38501,2005/1/1 0:00,10000,LI - District #5,Cookeville Lindseys,571 - Cookeville Lindseys,571,"Cookeville, TN",Lindseys,Annelie Zubar,https://obvience-public.sharepoint.com/SiteAssets/images/demo/people/Annelie Zubar.jpg,11,1,Jan,2005,Same Store
572,Jacksonville,NC,28546,2005/1/1 0:00,10000,LI - District #3,Jacksonville Lindseys,572 - Jacksonville Lindseys,572,"Jacksonville, NC",Lindseys,Chris Gray,https://obvience-public.sharepoint.com/SiteAssets/images/demo/people/Chris Gray.jpg,9,1,Jan,2005,Same Store
573,Columbia East,SC,29206,2005/4/1 0:00,10000,LI - District #3,Columbia Lindseys,573 - Columbia Lindseys,573,"Columbia East, SC",Lindseys,Chris Gray,https://obvience-public.sharepoint.com/SiteAssets/images/demo/people/Chris Gray.jpg,9,4,Apr,2005,Same Store
574,Bowling Green,KY,42104,2005/8/1 0:00,10000,LI - District #5,Bowling Green Lindseys,574 - Bowling Green Lindseys,574,"Bowling Green, KY",Lindseys,Annelie Zubar,https://obvience-public.sharepoint.com/SiteAssets/images/demo/people/Annelie Zubar.jpg,11,8,Aug,2005,Same Store
575,Goldsboro,NC,27534,2005/3/1 0:00,10000,LI - District #3,Goldsboro Lindseys,575 - Goldsboro Lindseys,575,"Goldsboro, NC",Lindseys,Chris Gray,https://obvience-public.sharepoint.com/SiteAssets/images/demo/people/Chris Gray.jpg,9,3,Mar,2005,Same Store
576,Gallatin,TN,37066,2005/7/1 0:00,15000,LI - District #5,Gallatin Lindseys,576 - Gallatin Lindseys,576,"Gallatin, TN",Lindseys,Annelie Zubar,https://obvience-public.sharepoint.com/SiteAssets/images/demo/people/Annelie Zubar.jpg,11,7,Jul,2005,Same Store
577,Elizabethtown,KY,42701,2005/12/1 0:00,10000,LI - District #5,Elizabethtown Lindseys,577 - Elizabethtown Lindseys,577,"Elizabethtown, KY",Lindseys,Annelie Zubar,https://obvience-public.sharepoint.com/SiteAssets/images/demo/people/Annelie Zubar.jpg,11,12,Dec,2005,Same Store
579,Gastonia,NC,28054,2006/12/1 0:00,15000,LI - District #4,Gastonia Lindseys,579 - Gastonia Lindseys,579,"Gastonia, NC",Lindseys,Brad Sutton,https://obvience-public.sharepoint.com/SiteAssets/images/demo/people/Brad Sutton.jpg,10,12,Dec,2006,Same Store
580,Chattanooga,TN,37421,2006/3/1 0:00,15000,LI - District #5,Chattanooga Lindseys,580 - Chattanooga Lindseys,580,"Chattanooga, TN",Lindseys,Annelie Zubar,https://obvience-public.sharepoint.com/SiteAssets/images/demo/people/Annelie Zubar.jpg,11,3,Mar,2006,Same Store
581,Kernersville,NC,27284,2007/4/1 0:00,10000,LI - District #4,Kernersville Lindseys,581 - Kernersville Lindseys,581,"Kernersville, NC",Lindseys,Brad Sutton,https://obvience-public.sharepoint.com/SiteAssets/images/demo/people/Brad Sutton.jpg,10,4,Apr,2007,Same Store
582,Chambersburg,PA,17201,2008/12/1 0:00,10000,LI - District #1,Chambersburg Lindseys,582 - Chambersburg Lindseys,582,"Chambersburg, PA",Lindseys,Allan Guinot,https://obvience-public.sharepoint.com/SiteAssets/images/demo/people/Allan Guinot.jpg,6,12,Dec,2008,Same Store
583,Raleigh,NC,27612,2010/6/1 0:00,10000,LI - District #3,Raleigh PV Lindseys,583 - Raleigh PV Lindseys,583,"Raleigh, NC",Lindseys,Chris Gray,https://obvience-public.sharepoint.com/SiteAssets/images/demo/people/Chris Gray.jpg,9,6,Jun,2010,Same Store
